<rss version="2.0">
    <channel>
        <title>Example Blog</title>
        <link>http://example.com</link>
        <description>Latest updates from Example Blog</description>
        <item>
            <title>Post 1</title>
            <link>http://example.com/post1</link>
            <description>This is the first post.</description>
        </item>
        <item>
            <title>Post 2</title>
            <link>http://example.com/post2</link>
            <description>This is the second post.</description>
        </item>
    </channel>
</rss>
