<?xml version="1.0" encoding="UTF-8"?>
<bookstore>
    <book>
        <isbn>978-3-16-148410-0</isbn>
        <title>The Great Gatsby</title>
        <author>F. Scott Fitzgerald</author>
        <price>10.99</price>
        <publisher>Scribner</publisher>
        <publishedDate>1925-04-10</publishedDate>
    </book>
    <book>
        <isbn>978-0-06-112008-4</isbn>
        <title>To Kill a Mockingbird</title>
        <author>Harper Lee</author>
        <price>7.99</price>
        <publisher>J.B. Lippincott & Co.</publisher>
        <publishedDate>1960-07-11</publishedDate>
    </book>
</bookstore>
